post_id,time,title,subtitle,content,author,author_username,like_count,comment_count,view_count,share_count,related_symbols,link
312378931777553,2026-04-15 09:19:43,,,,,,0,0,0,0,,https://www.binance.com/en/square/post/312378931777553
312391749548322,2026-04-15 09:19:43,,,,,,0,0,0,0,,https://www.binance.com/en/square/post/312391749548322
312440676615681,2026-04-15 09:19:43,,,,,,0,0,0,0,,https://www.binance.com/en/square/post/312440676615681
311999985010449,2026-04-15 09:19:43,,,,,,0,0,0,0,,https://www.binance.com/en/square/post/311999985010449
311967917936434,2026-04-15 09:19:43,,,,,,0,0,0,0,,https://www.binance.com/en/square/post/311967917936434
312114129463761,2026-04-15 09:19:43,,,,,,0,0,0,0,,https://www.binance.com/en/square/post/312114129463761
312050949136978,2026-04-15 09:19:43,,,,,,0,0,0,0,,https://www.binance.com/en/square/post/312050949136978
312141332512850,2026-04-15 09:19:43,,,,,,0,0,0,0,,https://www.binance.com/en/square/post/312141332512850
311979329297538,2026-04-15 09:19:43,,,,,,0,0,0,0,,https://www.binance.com/en/square/post/311979329297538
312253532895522,2026-04-15 09:19:43,,,,,,0,0,0,0,,https://www.binance.com/en/square/post/312253532895522
312023132333489,2026-04-15 09:19:43,,,,,,0,0,0,0,,https://www.binance.com/en/square/post/312023132333489
311949877350450,2026-04-15 09:19:43,,,,,,0,0,0,0,,https://www.binance.com/en/square/post/311949877350450
312097649685298,2026-04-15 09:19:43,,,,,,0,0,0,0,,https://www.binance.com/en/square/post/312097649685298
311969345057858,2026-04-15 09:19:43,,,,,,0,0,0,0,,https://www.binance.com/en/square/post/311969345057858
312017091582129,2026-04-15 09:19:43,,,,,,0,0,0,0,,https://www.binance.com/en/square/post/312017091582129
312312192403746,2026-04-15 09:19:43,,,,,,0,0,0,0,,https://www.binance.com/en/square/post/312312192403746
311977310919169,2026-04-15 09:19:43,,,,,,0,0,0,0,,https://www.binance.com/en/square/post/311977310919169
312375733597154,2026-04-15 09:19:43,,,,,,0,0,0,0,,https://www.binance.com/en/square/post/312375733597154
312043540726769,2026-04-15 09:19:43,,,,,,0,0,0,0,,https://www.binance.com/en/square/post/312043540726769
312376885983633,2026-04-15 09:19:43,,,,,,0,0,0,0,,https://www.binance.com/en/square/post/312376885983633
